pharmacy_key,pharmacy_name,city,address,phones_str,phones_json
ph_f504747cd3ca,BELLE FONTAINE (GRDE),Abengourou,QUARTIER HKB,07 69 35 39 09 / 07 08 62 94 83,"[""07 69 35 39 09"", ""07 08 62 94 83""]"
ph_21a81368e668,DE L'INDENIE,Abengourou,VOIE PRINCIPALE A COTE DE LA GRANDE MOSQUEE,27 35 91 36 04,"[""27 35 91 36 04""]"
ph_3e1477344d0b,DU CARREFOUR,Abengourou,CHATEAU / VOIE PRINCIPALE DIOULAKRO / FACE STATION SHELL 1,27 35 91 35 03,"[""27 35 91 35 03""]"
ph_0924f699f237,DU MARCHE,Abengourou,PLACE DU GRAND MARCHE/ A COTE DE TELECEL,27 35 91 30 09 / 01 02 03 87 17,"[""27 35 91 30 09"", ""01 02 03 87 17""]"
ph_342c90f9254c,MOYA,Abengourou,RUE PRINCESSE / PETIT BASSAM / DIOULAKRO SUD,07 58 09 47 08 / 07 78 96 99 70,"[""07 58 09 47 08"", ""07 78 96 99 70""]"
ph_bb065cc408e5,PRUNELLE MARIE,Abengourou,QUARTIER AGNIKRO EXTENSION,27 35 91 35 45,"[""27 35 91 35 45""]"
ph_8405bcf47822,ST CHARBEL M. KOUAKOU K. MATHIEU,Abengourou,CAFE TOU PETIT MARCHE,27 35 91 27 37 / 01 01 80 80 02,"[""27 35 91 27 37"", ""01 01 80 80 02""]"
ph_7921ae7cf6d2,STE FAMILLE,Abengourou,PRES HOTEL LE ROYAUME,27 35 91 30 09,"[""27 35 91 30 09""]"
ph_2e6251c71b7c,DE LA BIA,Aboisso,,27 21 30 42 16,"[""27 21 30 42 16""]"
ph_d27af726c58f,DIVINE MISERICORDE,Aboisso,QUARTIER TP / FACE POSTE,27 21 30 43 58 / 27 35 96 23 44 / 07 77 06 08 13 / 07 88 58 96 83,"[""27 21 30 43 58"", ""27 35 96 23 44"", ""07 77 06 08 13"", ""07 88 58 96 83""]"
ph_09370df19abd,DU MARCHE,Aboisso,FACE A LA PLACE ELLEIGAND,27 21 30 40 63,"[""27 21 30 40 63""]"
ph_9cedbcf685e4,GRACE MARIE CHRIST,Aboisso,QUARTIER SOKOURA LAVAGE,27 33 80 01 51 / 07 78 11 11 88,"[""27 33 80 01 51"", ""07 78 11 11 88""]"
ph_3fc0cd422dff,D'ADIAKE,Adiake,,27 23 53 02 46,"[""27 23 53 02 46""]"
ph_6d751df423e1,DE LA GARE,Adiake,,05 55 44 02 04 / 27 35 96 30 52,"[""05 55 44 02 04"", ""27 35 96 30 52""]"
ph_4975036270ee,MODERNE,Adiake,,27 21 30 76 94 / 07 09 68 29 72,"[""27 21 30 76 94"", ""07 09 68 29 72""]"
ph_532677a91972,AMIRA,Adzope,QUARTIER DIOULAKRO NON LOIN DU CENTRE D'ENSEIGNEMENT TECHNIQUE,27 23 54 11 71 / 27 23 54 00 07 / 05 05 46 64 44,"[""27 23 54 11 71"", ""27 23 54 00 07"", ""05 05 46 64 44""]"
ph_f6b4c6157b96,D'ADZOPE,Adzope,A L'ENTREE D'ADZOPE,27 23 54 19 11,"[""27 23 54 19 11""]"
ph_225e0d29dfd1,DU MASSAN,Adzope,RUE DU COMMERCE A COTE DE LA BANQUE ATLANTIQUE,27 23 54 03 42 / 07 57 49 38 53,"[""27 23 54 03 42"", ""07 57 49 38 53""]"
ph_6ab39cc693d2,EUREKA,Adzope,A PROXIMITE DU STADE MUNICIPAL ET DE LA BANQUE POPULAIRE,01 02 19 56 19 / 01 02 96 98 10,"[""01 02 19 56 19"", ""01 02 96 98 10""]"
ph_5a8bab80afed,LOUISE-ANTOINE,Adzope,AU GRAND MARCHE D'ADZOPE FACE A L'EGLISE PROTESTANTE METHODISTE,07 77 95 47 51 / 01 52 95 03 48,"[""07 77 95 47 51"", ""01 52 95 03 48""]"
ph_54be6d7a0eb2,SAINTE MARIE D'ELVE,Adzope,ROUTE DES SCIERIES EN FACE DU PETIT PORTAIL DU PALAIS DE JUSTICE,07 99 13 14 00 / 27 35 95 40 10,"[""07 99 13 14 00"", ""27 35 95 40 10""]"
ph_177ce81f6649,ST LAURENT,Adzope,QUARTIER MASSANDJI A COTE DE L'HOPITAL GENERAL,27 23 54 01 34 / 05 05 00 02 63,"[""27 23 54 01 34"", ""05 05 00 02 63""]"
ph_f2e782af0c0d,DE L'AGNEBY (GDE),Agboville,,01 02 03 66 25 / 07 78 98 96 21 / 07 48 00 23 66,"[""01 02 03 66 25"", ""07 78 98 96 21"", ""07 48 00 23 66""]"
ph_fd1b3b150702,DU CHATEAU,Agboville,,27 23 54 87 21,"[""27 23 54 87 21""]"
ph_a9367751aadf,DU COMMERCE (GDE),Agboville,,27 23 54 60 40 / 07 59 06 79 57,"[""27 23 54 60 40"", ""07 59 06 79 57""]"
ph_1d2735f3cc29,EL KABOD,Agboville,CARREFOUR BOMBAI,01 42 41 18 38,"[""01 42 41 18 38""]"
ph_e2b72c4e0828,MOAYE / M.AKE SIMPLICE,Agboville,,07 78 33 40 88 / 07 08 78 28 00,"[""07 78 33 40 88"", ""07 08 78 28 00""]"
ph_58f0968e10e5,SINI-KENEYA,Agboville,,07 58 09 46 03,"[""07 58 09 46 03""]"
ph_dfe737fa5183,AVENIR SANTE (EX K. BOILOT),Agnibilekro,,01 40 74 49 20,"[""01 40 74 49 20""]"
ph_141aedb5b7b2,LA PLENITUDE,Agnibilekro,,01 02 82 19 18,"[""01 02 82 19 18""]"
ph_98a3845eaa6e,MAI,Agnibilekro,,27 35 91 00 30,"[""27 35 91 00 30""]"
ph_addcc5071eb2,MAIRIE-NORD,Agnibilekro,,01 01 97 54 43,"[""01 01 97 54 43""]"
ph_e5c826c3a884,REINE DES ANGES,Azaguie,AZAGUIE GARE CARREFOUR MARCHE,05 06 82 55 78 / 01 02 98 43 48,"[""05 06 82 55 78"", ""01 02 98 43 48""]"
ph_13ee49e76df3,APPY-MOYA,Bayota,,07 02 77 69 63,"[""07 02 77 69 63""]"
ph_2b24a9b47a2b,KATA,Bayota,BAYOTA 1 PRES DU MARCHE,07 89 73 85 44,"[""07 89 73 85 44""]"
ph_1606fe435b4f,BONDOUKOU- MARCHE,Bondoukou,,27 35 90 57 89 / 07 58 68 23 51,"[""27 35 90 57 89"", ""07 58 68 23 51""]"
ph_c0824bf17888,CHOQUET (NLLE),Bondoukou,,27 35 91 51 51 / 01 03 64 20 99,"[""27 35 91 51 51"", ""01 03 64 20 99""]"
ph_844a6a225efd,DU LYCEE,Bondoukou,EN FACE DU LYCEE,07 77 25 57 30 / 01 41 40 80 92,"[""07 77 25 57 30"", ""01 41 40 80 92""]"
ph_5dba50872b19,DU ZANZAN,Bondoukou,,27 35 91 56 09 / 07 07 02 92 64,"[""27 35 91 56 09"", ""07 07 02 92 64""]"
ph_4667ce0bfd7d,NOTRE DAME DE BONDOUKOU,Bondoukou,QUARTIER ZANZAN CARREFOUR RUE PRINCESSE,07 99 29 93 63 / 05 01 65 16 18,"[""07 99 29 93 63"", ""05 01 65 16 18""]"
ph_880a7d1a52ac,NOUVELLE,Bondoukou,,27 35 91 52 61,"[""27 35 91 52 61""]"
ph_d28eb47891d7,DU GRAND MARCHE,Bonoua,,01 02 03 16 97 / 27 21 30 00 60,"[""01 02 03 16 97"", ""27 21 30 00 60""]"
ph_b86516533a03,EBEN-EZER,Bonoua,QUARTIER KOUMASSI EN FACE DE LA GARE ROUTIERE,27 21 30 90 55 / 01 02 80 20 08,"[""27 21 30 90 55"", ""01 02 80 20 08""]"
ph_738fa0628cc9,EDEN,Bonoua,,07 58 09 46 67 / 07 11 44 29 82,"[""07 58 09 46 67"", ""07 11 44 29 82""]"
ph_65d5e2f83264,SAINTE RITA,Bonoua,CARREFOUR DU COLLEGE SAINTE RITA,01 01 45 66 55,"[""01 01 45 66 55""]"
ph_95296ec09352,CARREFOUR,Bouafle,,07 08 65 69 79,"[""07 08 65 69 79""]"
ph_5948006e3b18,DE L'ALLIANCE (NLLE),Bouafle,,07 07 08 79 57,"[""07 07 08 79 57""]"
ph_376e86f9f643,FELY,Bouafle,NOUVEAU MARCHE,01 51 42 22 58,"[""01 51 42 22 58""]"
ph_0524a6c5f167,MAGNIFICAT DE BOUAFLE,Bouafle,EN FACE DE LA CELPAID / AU NIVEAU DU MONUMENT,07 05 74 89 38,"[""07 05 74 89 38""]"
ph_5d03fa871782,PROVIDENCE,Bouafle,ZONE DE LA COOPEC,07 79 48 80 70,"[""07 79 48 80 70""]"
ph_fc546444d261,ST AUGUSTIN,Bouafle,QUARTIER COMMERCE,27 30 68 91 83,"[""27 30 68 91 83""]"
ph_3c865c5fa068,AYATHA,Bouake,AIR FRANCE II / BOULANGERIE LA FLOTTE,27 31 60 01 65 / 07 98 18 88 09,"[""27 31 60 01 65"", ""07 98 18 88 09""]"
ph_14b445d11b7d,BEL AIR,Bouake,ZONE EN FACE DU MARCHE,27 31 63 59 90,"[""27 31 63 59 90""]"
ph_44e2f2dc79e7,BELLEVILLE (GDE),Bouake,QUARTIER BELLEVILLE,07 57 76 92 64 / 07 99 50 73 25,"[""07 57 76 92 64"", ""07 99 50 73 25""]"
ph_11667bc1afef,CITE OLYMPIQUE,Bouake,AHOUGNANSOU FACE FIBAKO,07 58 60 90 43 / 07 57 89 13 45 / 01 43 39 42 92,"[""07 58 60 90 43"", ""07 57 89 13 45"", ""01 43 39 42 92""]"
ph_90e371f03610,DAR ES SALAM,Bouake,ROUTE DE KATIOLA CARREFOUR PTIT MARCHE DJAMBOUROU FACE PLYCLINIQUE DU CENTRE,27 31 63 10 16 / 07 08 14 65 85,"[""27 31 63 10 16"", ""07 08 14 65 85""]"
ph_a182be43bdb7,DE LA GRANDE MOSQUEE,Bouake,DOUGOUBA EN FACE DE LA GRANDE MOSQUEE DE BOUAKE,01 72 17 04 13 / 07 68 48 91 23,"[""01 72 17 04 13"", ""07 68 48 91 23""]"
ph_52ed07d6b704,DE LA PLACE,Bouake,COMMERCE / FACE BICICI,27 31 63 60 63,"[""27 31 63 60 63""]"
ph_43b9978bc053,DES CHAMPS (NVLLE),Bouake,ROUTE DE GONFREVILLE FACE SODECI,27 31 63 33 62 / 07 09 83 95 24,"[""27 31 63 33 62"", ""07 09 83 95 24""]"
ph_8a59b5f1887c,DES SAVANES (NLLE),Bouake,FACE SARI (CFAO),07 57 14 38 32 / 07 48 74 15 22 / 05 56 69 18 44,"[""07 57 14 38 32"", ""07 48 74 15 22"", ""05 56 69 18 44""]"
ph_2c61b76738bd,DU CENTRE,Bouake,GRAND MARCHE DE BOUAKE,05 84 03 70 85,"[""05 84 03 70 85""]"
ph_2aae9b2cb981,DU GBEKE,Bouake,EN FACE DE LA BHCI,21 50 03 82 70 / 07 58 60 90 41,"[""21 50 03 82 70"", ""07 58 60 90 41""]"
ph_1e080f8dcc37,EL NISSI,Bouake,"KOKO, EN FACE DE LA PMI DE KOKO",27 31 60 31 40 / 01 01 45 82 22 / 01 51 03 08 64,"[""27 31 60 31 40"", ""01 01 45 82 22"", ""01 51 03 08 64""]"
ph_ffb5aab02b04,ESPOIR / M.SORO FOUNGNIGUE,Bouake,DAR ES SALAM 2 / GARE SAMA TRANSPORT,07 49 21 95 63 / 07 48 73 73 23,"[""07 49 21 95 63"", ""07 48 73 73 23""]"
ph_37da4817e5d3,FATIMA,Bouake,DAR ES SALAM III / ROUTE DE KATIOLA GARE KASSOUM,27 21 78 86 96 / 07 47 61 67 05 / 07 07 01 21 85,"[""27 21 78 86 96"", ""07 47 61 67 05"", ""07 07 01 21 85""]"
ph_1259f0b984bd,KENEYA (NLLE),Bouake,FACE SACOBO,27 31 62 30 72 / 07 68 62 54 62,"[""27 31 62 30 72"", ""07 68 62 54 62""]"
ph_885c802f4c2e,KOKO,Bouake,KOKO ROUTE DU CHU,07 57 14 38 35 / 07 47 00 33 31,"[""07 57 14 38 35"", ""07 47 00 33 31""]"
ph_7226249e79e4,LAEL,Bouake,"NIMBO, FACE AUX IMPOTS, ROUTE ABIDJAN",07 47 12 00 27,"[""07 47 12 00 27""]"
ph_a3851ee9019e,LIBERTE,Bouake,ENTRE CINEMA LIBERTE ET LA MATERNITE SOKOURA,27 31 65 70 19 / 07 57 14 38 37,"[""27 31 65 70 19"", ""07 57 14 38 37""]"
ph_6f5e12327da4,M'BOUAFOUE,Bouake,"DAR ES SALEM, CARREFOUR MOSSI-CARRE",07 06 76 76 65 / 05 02 36 92 98,"[""07 06 76 76 65"", ""05 02 36 92 98""]"
ph_67bbc1000092,MARCHE DE GROS DE BOUAKE SARL,Bouake,FACE MARCHE DE GROS,27 31 60 11 95 / 07 09 89 95 48 / 07 01 68 03 84 / 27 31 65 40 56,"[""27 31 60 11 95"", ""07 09 89 95 48"", ""07 01 68 03 84"", ""27 31 65 40 56""]"
ph_2377d88922bd,MARCHE MAROC,Bouake,NON LOIN DU PETIT MARCHE MAROC I,07 99 83 33 61,"[""07 99 83 33 61""]"
ph_be1ec43fb90c,MODERNE KENNEDY / M.TOA BI IRIE,Bouake,KENNEDY ROUTE DE M'BAHIAKRO ENTRE STATION TOTAL ET FEUX TRICOLORES,27 31 62 42 04 / 07 68 11 54 69 / 07 17 55 50 76,"[""27 31 62 42 04"", ""07 68 11 54 69"", ""07 17 55 50 76""]"
ph_78b7344b4a48,NLLE DU CHATEAU,Bouake,QUARTIER AHOUGNANSOU A COTE DU CHATEAU D'EAU,07 78 97 73 07 / 07 47 64 88 95,"[""07 78 97 73 07"", ""07 47 64 88 95""]"
ph_741416723e5a,NOTRE DAME DE L'ESPERANCE SARL U,Bouake,AIR France 1 ENTRE LE PONT DJIBO ET LES SAPEURS POMPIERS EN FACE DU COLLEGE RUTH FIDELE / IMMEUBLE LE LABELLE,27 31 62 43 57 / 07 68 60 75 79,"[""27 31 62 43 57"", ""07 68 60 75 79""]"
ph_212724a271ea,NOTRE DAME DE LA PAIX,Bouake,GRAND MARCHE EN FACE DE LA GARE UTB/ A COTE DE LA PREFECTURE DE POLICE,27 31 64 85 85 / 07 48 54 69 71,"[""27 31 64 85 85"", ""07 48 54 69 71""]"
ph_f4528bb89db3,PETIT MARCHE BELLEVILLE 2,Bouake,BELLEVILLE 2 PETIT MARCHE / ROUTE FETEKRO,27 24 58 51 96 / 01 01 11 12 02,"[""27 24 58 51 96"", ""01 01 11 12 02""]"
ph_43a6e91494d4,SAINT JACQUES,Bouake,"DAR ES SALEM, AU CARREFOUR DU COLLEGE STJACQUES",05 86 46 03 28,"[""05 86 46 03 28""]"
ph_565ca7866b3e,SAINT JEAN,Bouake,QTIER AHOUGNANSOU AVANT LE PETIT MARCHE,27 33 80 01 86 / 07 57 14 38 42,"[""27 33 80 01 86"", ""07 57 14 38 42""]"
ph_75306f1790b2,SAINT MARC BROUKRO,Bouake,EME ARRET / PRET DU GROUPE SCOLAIRE BROUKRO 1,07 49 07 27 97 / 01 01 15 72 20,"[""07 49 07 27 97"", ""01 01 15 72 20""]"
ph_f6e22de2ed8c,SAINTE FAMILLE DE TOLLAKOUADIOKRO,Bouake,EN FACE DU MARCHE DE TOLLAKOUADIOKRO,27 32 79 46 66 / 07 14 64 24 34,"[""27 32 79 46 66"", ""07 14 64 24 34""]"
ph_a6e5413456dc,ST PIERRE NIMBO (NVLLE) - M. MONPOEHO DE MODE SERGE CLAVER,Bouake,NIMBO CARREFOUR ST PIERRE,27 31 63 22 63 / 07 03 12 81 71,"[""27 31 63 22 63"", ""07 03 12 81 71""]"
ph_843ccfdb828e,STE MADELEINE NIMBO 18 LGTS / M.GNINIBOU SERY,Bouake,"NIMBO, IMMEUBLE LES 18 LGTS",07 57 14 38 20 / 07 59 60 84 19,"[""07 57 14 38 20"", ""07 59 60 84 19""]"
ph_91fbd9f227ef,STE MARIE N'GATTAKRO,Bouake,"N'GATTAKRO EN FACE DE L'EGLISE CMA, ANCIENNE GARE STIF",27 31 63 16 17 / 01 02 50 32 78 / 07 00 92 11 21,"[""27 31 63 16 17"", ""01 02 50 32 78"", ""07 00 92 11 21""]"
ph_315f8361c5d6,T S F (GRANDE),Bouake,QUARTIER AIR FRANCE II A COTE DU COLLEGE VICTOR HUGO,27 31 63 51 15 / 07 00 37 61 14,"[""27 31 63 51 15"", ""07 00 37 61 14""]"
ph_c3b20e13a149,VICTOR TENENA,Bouake,BEAUFORT FACE HOTEL DE L'AIR,07 57 14 38 40 / 27 31 63 14 05,"[""07 57 14 38 40"", ""27 31 63 14 05""]"
ph_84a368b319e5,ABRAHAM,Dabou,,27 23 57 20 93,"[""27 23 57 20 93""]"
ph_58d060fec2d3,DE DABOU (GDE),Dabou,,27 23 57 20 61 / 07 79 15 05 40,"[""27 23 57 20 61"", ""07 79 15 05 40""]"
ph_282554091bdd,DES LAGUNES,Dabou,,27 23 57 21 45,"[""27 23 57 21 45""]"
ph_3a6d85ec0b0a,DES VILLAGES,Dabou,,27 23 57 45 45,"[""27 23 57 45 45""]"
ph_22873f38057b,DU MARCHE,Dabou,,27 23 57 45 03,"[""27 23 57 45 03""]"
ph_db4f66369122,ENTENTE DABOU,Dabou,QUARTIER MERTMETVILLE NON LOIN DE LA MAIRIE,27 34 75 11 28 / 05 85 21 34 49,"[""27 34 75 11 28"", ""05 85 21 34 49""]"
ph_e821c23bc82e,FEZAN,Dabou,,27 23 57 23 52,"[""27 23 57 23 52""]"
ph_82bda65b65bc,TEHIA,Dabou,,01 40 27 55 03,"[""01 40 27 55 03""]"
ph_0031de9d7bc6,ADONAI D'ORLY,Daloa,,27 32 78 31 85,"[""27 32 78 31 85""]"
ph_aab8fe1e7480,ANEAUD,Daloa,,27 32 78 28 28 / 07 10 25 83 53,"[""27 32 78 28 28"", ""07 10 25 83 53""]"
ph_e8a9abe96233,CARREFOUR LABIA,Daloa,,27 32 78 49 92,"[""27 32 78 49 92""]"
ph_d55fb3124391,CENTRALE,Daloa,,27 32 78 22 43 / 07 47 47 55 55,"[""27 32 78 22 43"", ""07 47 47 55 55""]"
ph_cde695770366,DES ANTILOPES,Daloa,,27 32 78 80 48,"[""27 32 78 80 48""]"
ph_b7d8e970d174,DES GARAGES (GRDE),Daloa,,07 57 49 23 15 / 01 40 23 90 72,"[""07 57 49 23 15"", ""01 40 23 90 72""]"
ph_bb6bd71d11a0,DU COMMERCE,Daloa,,27 32 78 20 82,"[""27 32 78 20 82""]"
ph_450614e4938a,DU GRAND MARCHE,Daloa,,27 32 78 35 35,"[""27 32 78 35 35""]"
ph_91f458fc1b33,DU JUBILE DE TAZIBOUO,Daloa,,27 32 78 52 52,"[""27 32 78 52 52""]"
ph_c914e3ba83df,DU PARVIS,Daloa,,27 32 78 70 57,"[""27 32 78 70 57""]"
ph_8c780409fb6d,DU PROGRES,Daloa,,27 32 78 22 53,"[""27 32 78 22 53""]"
ph_f64373643c11,DU SOLEIL (NLLE),Daloa,,27 32 78 37 98,"[""27 32 78 37 98""]"
ph_a65216c08477,FATIMA ORLY,Daloa,,07 00 11 00 25,"[""07 00 11 00 25""]"
ph_7630c7627799,FLOREL( NOUVELLE),Daloa,,27 32 78 05 32,"[""27 32 78 05 32""]"
ph_8cde0168a533,MAYESS,Daloa,,27 32 78 15 08,"[""27 32 78 15 08""]"
ph_cb8c8de90e70,PALOMA,Daloa,,05 44 04 44 16,"[""05 44 04 44 16""]"
ph_66403d3c70bb,ST EDMOND-PIERRE,Daloa,,01 01 46 81 91,"[""01 01 46 81 91""]"
ph_c8624efb9408,ST JOSEPH,Daloa,,27 33 74 81 83 / 07 05 88 52 60,"[""27 33 74 81 83"", ""07 05 88 52 60""]"
ph_d938ced082e5,STE EMMANUELLA,Daloa,,27 32 78 21 85 / 07 07 36 51 11,"[""27 32 78 21 85"", ""07 07 36 51 11""]"
ph_c7dde238e839,AVE MARIA DU NIMBA,Danane,,05 00 82 64 64,"[""05 00 82 64 64""]"
ph_5a72fd8a7869,DU PONT DE LIANES,Danane,QUARTIER COMMERCE PRES DE L'HOPITAL GENERAL,07 09 61 00 00 / 01 01 35 24 39,"[""07 09 61 00 00"", ""01 01 35 24 39""]"
ph_1ce47df642b8,MODERNE,Danane,,07 08 84 92 70,"[""07 08 84 92 70""]"
ph_f69ec2a29a8b,SALEM,Danane,,27 33 72 96 60 / 01 71 98 64 30,"[""27 33 72 96 60"", ""01 71 98 64 30""]"
ph_23c436e7b214,DE DIEGONEFLA,Diegonefla,,07 77 88 65 70 / 01 40 98 28 24,"[""07 77 88 65 70"", ""01 40 98 28 24""]"
ph_7d91f1121659,HAMANY,Diegonefla,,27 24 58 15 01 / 07 11 96 68 54,"[""27 24 58 15 01"", ""07 11 96 68 54""]"
ph_b3b85aaa9f83,MAIRIE (GRANDE),Diegonefla,,07 23 01 50 81 / 07 87 76 02 00,"[""07 23 01 50 81"", ""07 87 76 02 00""]"
ph_662cd68fb8b3,AHOUKOUA,Divo,,01 49 52 74 20,"[""01 49 52 74 20""]"
ph_af6a6925accf,CENTRALE,Divo,,27 32 76 03 49,"[""27 32 76 03 49""]"
ph_231b68012536,DE L'AMITIE M. BADIA DJONA LEONARD,Divo,,27 32 76 01 16,"[""27 32 76 01 16""]"
ph_9cd4c8df3dce,DE LA MAIRIE,Divo,,27 32 76 30 75,"[""27 32 76 30 75""]"
ph_057abecbc118,DU DIALOGUE,Divo,,27 32 76 31 77,"[""27 32 76 31 77""]"
ph_c1f8ba91d019,DU MARCHE,Divo,,27 32 76 00 75,"[""27 32 76 00 75""]"
ph_0f211cb63400,ESPERANCE,Divo,,27 32 76 31 04,"[""27 32 76 31 04""]"
ph_419ba673412e,FATIMA,Divo,,27 32 76 33 99,"[""27 32 76 33 99""]"
ph_23defd380496,GARE DE HIRE,Divo,,05 95 15 36 97,"[""05 95 15 36 97""]"
ph_15cda73ba16f,GREMIAN (GRANDE),Divo,GREMIAN FACE GARE DE GAGNOA,05 84 76 33 30 / 27 24 33 69 36,"[""05 84 76 33 30"", ""27 24 33 69 36""]"
ph_6bccdd33e04c,HARMONY,Divo,,07 08 18 80 55,"[""07 08 18 80 55""]"
ph_c531b1ce25f8,IN'CHALLA,Divo,,07 07 57 54 87,"[""07 07 57 54 87""]"
ph_3afc2748e137,KAMELIA LA GRACE / M.JEAN JONAS KOUADIO,Divo,,27 35 96 81 58 / 07 99 02 69 48 / 05 66 24 36 36,"[""27 35 96 81 58"", ""07 99 02 69 48"", ""05 66 24 36 36""]"
ph_9af7eac25eab,KINNINYA,Divo,,27 32 76 34 53 / 01 42 41 87 75,"[""27 32 76 34 53"", ""01 42 41 87 75""]"
ph_bb6ec0be373a,MODERNE DE BRIBORE,Divo,,07 57 84 84 76,"[""07 57 84 84 76""]"
ph_687d59f28e48,SAINTE MARIE,Divo,,27 32 76 09 32 / 27 32 76 36 76,"[""27 32 76 09 32"", ""27 32 76 36 76""]"
ph_b111f2df086e,SAINTE VERONIQUE,Divo,,27 32 76 05 05,"[""27 32 76 05 05""]"
ph_52c68fc4c3c1,DE DUEKOUE (GRANDE),Duekoue,,27 33 70 31 05,"[""27 33 70 31 05""]"
ph_f701db453e06,DE LA GARE DE DUEKOUE,Duekoue,,07 57 49 38 30,"[""07 57 49 38 30""]"
ph_2caa452a0046,DE LA PAIX DUEKOUE,Duekoue,,07 14 25 77 67 / 07 15 87 87 87,"[""07 14 25 77 67"", ""07 15 87 87 87""]"
ph_eab0ad0dfec8,DIVINE GRACE,Duekoue,,27 33 70 21 79,"[""27 33 70 21 79""]"
ph_5a01fc648863,KOKOMAN VIE,Duekoue,,27 21 58 73 15 / 07 87 75 13 73,"[""27 21 58 73 15"", ""07 87 75 13 73""]"
ph_dcc0f3f3a1ce,MASSEBA,Duekoue,,27 21 79 86 38 / 07 09 51 35 03 / 05 00 14 82 82,"[""27 21 79 86 38"", ""07 09 51 35 03"", ""05 00 14 82 82""]"
ph_6f504330f8b8,WAHON,Duekoue,,07 57 02 90 57,"[""07 57 02 90 57""]"
ph_c922167dc1ce,AHOUANE,Gagnoa,BABRE,27 32 77 82 35,"[""27 32 77 82 35""]"
ph_80f0c287aef9,CENTRALE,Gagnoa,FACE GRANDE GARE,27 32 77 24 62,"[""27 32 77 24 62""]"
ph_74df5f9f7c45,DAR ES SALAM,Gagnoa,NOUVEAU GOUDRON,07 07 69 47 92 / 27 32 77 11 48,"[""07 07 69 47 92"", ""27 32 77 11 48""]"
ph_6623c312a7bb,DE BARHYO / M.EZOA JEAN ADJE KOUAME,Gagnoa,GARAGE KOFFI,07 67 88 85 20 / 01 42 64 11 87,"[""07 67 88 85 20"", ""01 42 64 11 87""]"
ph_a9eb32db1b2a,DE GARAHIO,Gagnoa,GARAHIO,32 77 10 56,"[""32 77 10 56""]"
ph_466083a65893,DIOULABOUGOU SANTE,Gagnoa,,27 32 77 16 35,"[""27 32 77 16 35""]"
ph_672615f19623,DU CHATEAU,Gagnoa,MOSQUEE EN BOIS,27 32 77 38 38,"[""27 32 77 38 38""]"
ph_b29c73b5368f,DU GOGNOA,Gagnoa,FACE AU GRAND MARCHE,27 32 77 22 92,"[""27 32 77 22 92""]"
ph_91552c0f4d2f,DU MARCHE,Gagnoa,FACE BIT,27 32 77 22 62,"[""27 32 77 22 62""]"
ph_12bfa0e0960e,LAFIA / M.TOURE TESSE HAMED,Gagnoa,PETIT MARCHE DIOULABOUGOU,27 32 77 25 20,"[""27 32 77 25 20""]"
ph_030c2e94511e,MANUELLA,Gagnoa,ONY-BABRE,05 75 41 56 31 / 07 68 36 96 47,"[""05 75 41 56 31"", ""07 68 36 96 47""]"
ph_f5d8e41e419b,MARLYNS,Gagnoa,FACE CSK,27 32 77 12 24 / 07 57 49 38 18 / 07 49 03 32 44,"[""27 32 77 12 24"", ""07 57 49 38 18"", ""07 49 03 32 44""]"
ph_b89799a3bb48,MATHE,Gagnoa,COCOVILLE,27 32 77 20 83,"[""27 32 77 20 83""]"
ph_b68604293ba5,NOTRE DAME IMMACULEE CONCEPTION,Gagnoa,FACE CLINIQUE FROMAGER,27 32 77 24 88,"[""27 32 77 24 88""]"
ph_443c15126475,PRINCIPALE,Gagnoa,FACE SOCOCE,27 32 77 23 16,"[""27 32 77 23 16""]"
ph_ed98141175e5,ST FRANCOIS D'ASSISE,Gagnoa,QUARTIER SOLEIL,27 32 77 77 93,"[""27 32 77 77 93""]"
ph_20059452fb32,STE PAULINE,Gagnoa,FACE PREFECTURE,27 32 77 25 62 / 27 32 77 29 64 / 01 01 45 67 14,"[""27 32 77 25 62"", ""27 32 77 29 64"", ""01 01 45 67 14""]"
ph_857fb6914728,COLOMBE,Grand-Bassam,,27 21 30 38 52,"[""27 21 30 38 52""]"
ph_53a58dba0683,DU MARCHE DE GRAND BASSAM,Grand-Bassam,,27 21 30 18 13,"[""27 21 30 18 13""]"
ph_619f64dfe142,ELOÏTE,Grand-Bassam,,07 07 32 95 98,"[""07 07 32 95 98""]"
ph_3b4ad3fd3e42,JLOG,Grand-Bassam,,07 76 35 35 36,"[""07 76 35 35 36""]"
ph_71d53ec12986,LE REEL,Grand-Bassam,,27 21 30 33 47,"[""27 21 30 33 47""]"
ph_37fb89cf82f4,LEANA,Grand-Bassam,,07 97 01 84 64,"[""07 97 01 84 64""]"
ph_3732fdb5e725,MOCKEYVILLE,Grand-Bassam,,07 99 44 78 46,"[""07 99 44 78 46""]"
ph_18431136f7c2,PETIT MARCHE,Grand-Bassam,,27 21 30 30 05,"[""27 21 30 30 05""]"
ph_475ffef96632,QUARTIER AIR FRANCE,Grand-Bassam,,27 21 31 21 83,"[""27 21 31 21 83""]"
ph_854446dcd341,SAINTE EUNICE,Grand-Bassam,,07 07 92 60 66,"[""07 07 92 60 66""]"
ph_7bdee0962347,ST AMANS,Grand-Bassam,,27 21 30 11 35,"[""27 21 30 11 35""]"
ph_caf6dd6cb8c3,WASSIA,Grand-Bassam,,27 21 30 17 94,"[""27 21 30 17 94""]"
ph_461dd507ea08,YELE,Grand-Bassam,,27 21 30 26 85,"[""27 21 30 26 85""]"
ph_a81febd94a5f,DE GUIGLO,Guiglo,,07 77 09 85 37 / 05 05 93 83 83,"[""07 77 09 85 37"", ""05 05 93 83 83""]"
ph_d871ad3d194e,DU MARCHE DE GUIGLO,Guiglo,,27 33 70 44 83 / 07 07 87 83 34,"[""27 33 70 44 83"", ""07 07 87 83 34""]"
ph_aa3b68ff8d91,MORIJAH,Guiglo,,05 84 32 21 21 / 05 76 99 05 05,"[""05 84 32 21 21"", ""05 76 99 05 05""]"
ph_90757dfd1420,NIKLA,Guiglo,,27 33 70 53 80,"[""27 33 70 53 80""]"
ph_5e27b56a4ff3,(NOUVELLE) ESPOIR,Issia,,27 32 77 01 76 / 07 07 71 17 60,"[""27 32 77 01 76"", ""07 07 71 17 60""]"
ph_d3c9ac35fc23,DIVINE GRACE,Issia,,27 34 77 82 20 / 07 57 48 81 40 / 01 71 57 07 07,"[""27 34 77 82 20"", ""07 57 48 81 40"", ""01 71 57 07 07""]"
ph_4fd1c85120a3,DU COMMERCE,Issia,,27 32 77 00 45,"[""27 32 77 00 45""]"
ph_a928dfb3ec8f,HADASSA (GDE),Issia,,07 87 87 62 39,"[""07 87 87 62 39""]"
ph_17b1174d787c,NOTRE DAME DE LA DELIVRANCE / M.KOUAME DJEMIS ANGE NOGUES,Issia,,07 09 81 07 09,"[""07 09 81 07 09""]"
ph_331573ed87bd,AMOUR,Korhogo,,07 03 03 30 06,"[""07 03 03 30 06""]"
ph_d475c5ae8ac0,CHIGATA,Korhogo,,05 01 28 16 16,"[""05 01 28 16 16""]"
ph_46ea9b510a73,DU 14 / M.CISSE MAMADOU,Korhogo,,27 36 85 04 73,"[""27 36 85 04 73""]"
ph_04c8add86a2f,DU MARCHE,Korhogo,,27 36 85 02 74,"[""27 36 85 02 74""]"
ph_a1b56e9432ba,DU MONT KORHOGO,Korhogo,,27 36 86 06 47,"[""27 36 86 06 47""]"
ph_2555a56e733a,DU NORD,Korhogo,,27 36 86 02 74,"[""27 36 86 02 74""]"
ph_bc686e16e81e,FOTAMANA,Korhogo,,07 04 64 93 82,"[""07 04 64 93 82""]"
ph_32668d1957e2,MONGAHA,Korhogo,FEUX TRICOLORES DU QUARTIER MONGAHA,25 36 00 58 16,"[""25 36 00 58 16""]"
ph_a7e2a01b0e9e,NASSARA,Korhogo,,27 36 86 32 64,"[""27 36 86 32 64""]"
ph_bdb9e459a1ed,NOTRE DAME,Korhogo,,27 36 86 37 90,"[""27 36 86 37 90""]"
ph_87e19a3dfcf4,NOUR,Korhogo,,27 36 86 07 39,"[""27 36 86 07 39""]"
ph_bf09a711fcf4,NOUVEAU QUARTIER,Korhogo,,07 57 71 33 91,"[""07 57 71 33 91""]"
ph_ba025f00bbae,PALAIS DE JUSTICE,Korhogo,,27 36 85 37 55 / 07 87 70 20 33,"[""27 36 85 37 55"", ""07 87 70 20 33""]"
ph_de6deb5210bc,PRINCIPALE,Korhogo,,27 36 86 08 35,"[""27 36 86 08 35""]"
ph_0ceb9b50fb47,SALAM KORHOGO,Korhogo,,27 36 80 00 51 / 07 69 51 96 29,"[""27 36 80 00 51"", ""07 69 51 96 29""]"
ph_5fcf1eaea9aa,SANMIEN DE NATIO,Korhogo,"QUARTIER NATIO KOBADARA, ROUTE DE FERKE",27 35 95 97 96 / 07 00 77 88 08,"[""27 35 95 97 96"", ""07 00 77 88 08""]"
ph_0775c7169531,SOBA,Korhogo,,27 36 86 37 39,"[""27 36 86 37 39""]"
ph_62b190d27b8b,TCHERGNIM,Korhogo,ROUTE FERKE FACE DOMICILE KASSOUM COULIBALY,27 36 86 23 15,"[""27 36 86 23 15""]"
ph_dea071dc9536,DE LA GRANDE MOSQUEE,Man,,01 01 47 51 32,"[""01 01 47 51 32""]"
ph_6772e077f6a1,DES CASCADES,Man,M DE LA STATION OLA SUR LA VOIE PRINCIPALE DE L'AXE MAN-BIANKOUMA,27 24 57 77 10 / 01 01 03 83 91,"[""27 24 57 77 10"", ""01 01 03 83 91""]"
ph_356921a55a10,DI GEORGES,Man,QUARTIER GRAND GBAPLEU FACE DE NIDHALEY (CONSEIL REGIONAL DU TONKPI),07 48 92 70 00 / 05 75 43 73 74 / 07 07 40 46 07,"[""07 48 92 70 00"", ""05 75 43 73 74"", ""07 07 40 46 07""]"
ph_d00d86523124,DU COMMERCE,Man,,27 33 79 32 72,"[""27 33 79 32 72""]"
ph_61940b15a5f6,FIDELITAS,Man,GBAPEU/ NON LOIN DE L'INFAS EN FACE DE LA BOULANGERIE DE L'ETOILE,01 53 51 70 10 / 07 15 96 44 39,"[""01 53 51 70 10"", ""07 15 96 44 39""]"
ph_7664bd3f3017,KHIANELLY,Man,,05 44 33 74 60 / 27 33 79 36 82,"[""05 44 33 74 60"", ""27 33 79 36 82""]"
ph_a0c41422133b,LA COLOMBE(NVLLE),Man,,01 33 78 07 49,"[""01 33 78 07 49""]"
ph_b92d598c5d27,LIBREVILLE / M.KOUAME YAO BROU HYLAIRE,Man,QUARTIER LIBREVILLE FACE A LA BOULANGERIE / PRES DE LA GARE DE TOUBA,27 33 79 90 01 / 01 73 71 85 35,"[""27 33 79 90 01"", ""01 73 71 85 35""]"
ph_04031445d8d9,LYCEE CLUB,Man,QTIER LYCEE RESIDENTIEL,01 01 00 61 24,"[""01 01 00 61 24""]"
ph_6a86a66dfee1,LYMANYA,Man,,27 33 73 03 69,"[""27 33 73 03 69""]"
ph_faebbe7907a3,MODERNE,Man,,27 33 79 03 39,"[""27 33 79 03 39""]"
ph_0fd4964933c1,ODELIA,Man,,27 35 99 35 27,"[""27 35 99 35 27""]"
ph_8d91103e0f65,DES FRONTIERES,Odienne,,07 07 84 90 38 / 06 06 99 00 92,"[""07 07 84 90 38"", ""06 06 99 00 92""]"
ph_95b944f0b91a,DU DENGUELE,Odienne,,07 68 77 25 78 / 07 68 77 25 76,"[""07 68 77 25 78"", ""07 68 77 25 76""]"
ph_b1a578a6c67a,DU ROND POINT,Odienne,,07 07 49 89 10,"[""07 07 49 89 10""]"
ph_2bd7fc48ce98,DU STADE ODIENNE,Odienne,,01 71 88 58 65 / 05 95 53 88 46,"[""01 71 88 58 65"", ""05 95 53 88 46""]"
ph_97df63c8d0da,SOURCE DE VIE,Oume,,07 67 33 81 31 / 27 21 74 86 39,"[""07 67 33 81 31"", ""27 21 74 86 39""]"
ph_52b2e85d12e9,BEATITUDES,San Pedro,,27 34 71 31 87 / 07 08 94 40 57,"[""27 34 71 31 87"", ""07 08 94 40 57""]"
ph_bc6b7d87ed49,DE L'ARCHANGE,San Pedro,,27 34 71 01 62 / 07 07 09 00 37,"[""27 34 71 01 62"", ""07 07 09 00 37""]"
ph_3788f3c5d621,DE LA CITE (NVLLE),San Pedro,,27 34 71 11 71 / 07 89 26 24 25,"[""27 34 71 11 71"", ""07 89 26 24 25""]"
ph_6321b579f06e,DE LA VIE / M.GOSSO FRANCK GERARD,San Pedro,,27 33 71 64 40 / 01 04 69 22 54 / 07 48 37 09 92,"[""27 33 71 64 40"", ""01 04 69 22 54"", ""07 48 37 09 92""]"
ph_a5454ff53a18,DES MOSQUEES,San Pedro,,07 79 44 54 87,"[""07 79 44 54 87""]"
ph_38d29ae36ccf,DIVINE PROVIDENCE,San Pedro,,01 08 03 10 27 / 07 47 48 80 56,"[""01 08 03 10 27"", ""07 47 48 80 56""]"
ph_a9cf6f391794,DO SARL,San Pedro,,27 34 71 28 29 / 07 07 01 24 51,"[""27 34 71 28 29"", ""07 07 01 24 51""]"
ph_344be3e0f395,DU BIEN ETRE,San Pedro,,27 34 71 31 31 / 05 04 02 22 33,"[""27 34 71 31 31"", ""05 04 02 22 33""]"
ph_8788ef7bac2a,DU LAC,San Pedro,,27 34 71 15 69 / 05 05 89 22 32,"[""27 34 71 15 69"", ""05 05 89 22 32""]"
ph_c1a292d3427a,JEHOVAH-RAPHA,San Pedro,,07 87 45 86 05 / 01 02 27 09 13,"[""07 87 45 86 05"", ""01 02 27 09 13""]"
ph_b48cf4450f96,LA GRACE DE SOTREF,San Pedro,,27 34 71 59 70 / 07 47 28 76 54,"[""27 34 71 59 70"", ""07 47 28 76 54""]"
ph_f0ae369ff812,NABENOU,San Pedro,,27 34 70 44 83 / 07 77 74 18 13,"[""27 34 70 44 83"", ""07 77 74 18 13""]"
ph_55b4a95b7bcb,NITORO,San Pedro,,27 34 71 39 11 / 07 07 82 23 27,"[""27 34 71 39 11"", ""07 07 82 23 27""]"
ph_6f6464e06cc7,NOUR,San Pedro,,01 03 01 43 01 / 07 09 25 77 77,"[""01 03 01 43 01"", ""07 09 25 77 77""]"
ph_43420f3abf98,QUARTIER FRANCOPHONIE / M.KOUAME PHILLIPE,San Pedro,,07 67 07 84 62,"[""07 67 07 84 62""]"
ph_9ba1179ee1d6,ROI DAVID,San Pedro,QUARTIER JULES FERRY A 50 M DE L'HOTEL MANZAN,07 78 17 37 08 / 07 49 79 56 58,"[""07 78 17 37 08"", ""07 49 79 56 58""]"
ph_b4c948e15d52,STE CLAUDINE,San Pedro,,01 41 66 59 38 / 05 75 60 21 66,"[""01 41 66 59 38"", ""05 75 60 21 66""]"
ph_5bcb2aabfafd,STE MARIE,San Pedro,,01 02 36 36 38 / 07 57 40 93 50,"[""01 02 36 36 38"", ""07 57 40 93 50""]"
ph_9bfab1f76f84,TERRE ROUGE,San Pedro,,07 08 96 41 67 / 01 40 06 36 69,"[""07 08 96 41 67"", ""01 40 06 36 69""]"
ph_48f41a441bd9,BOKOSSO NOUVELLE,Sinfra,RUE DU COMMERCE FACE AU SUPER MARCHE KING CASH,07 57 48 95 16 / 27 34 76 05 05,"[""07 57 48 95 16"", ""27 34 76 05 05""]"
ph_c51894e59f2c,DE LA GARE DE SINFRA / M.ZIEHI M. CHARLES,Sinfra,CARREFOUR DOUAFLA,01 72 66 92 01 / 05 65 69 62 07,"[""01 72 66 92 01"", ""05 65 69 62 07""]"
ph_d9b257db8450,NOUVELLE DE SINFRA,Sinfra,RUE DU COMMERCE FACE A LA COOPEC,07 79 44 54 76 / 07 09 92 93 01,"[""07 79 44 54 76"", ""07 09 92 93 01""]"
ph_7a78d5f14108,PRINCIPALE DE SINFRA,Sinfra,ROUTE DE YAMOUSSOUKRO / FACE A LA STATION TOTAL,07 79 96 46 26 / 01 51 05 67 24,"[""07 79 96 46 26"", ""01 51 05 67 24""]"
ph_83984bf1ad1c,APÔDJAN M'BRATHE,Songon / Km 17,,27 23 42 64 87 / 07 16 07 31 29 / 05 94 85 49 49,"[""27 23 42 64 87"", ""07 16 07 31 29"", ""05 94 85 49 49""]"
ph_4a6b28804179,ATELE,Songon / Km 17,CARREFOUR HEVEA-GRAVIER,07 02 24 24 36,"[""07 02 24 24 36""]"
ph_01caa40e4843,CARREFOUR SONGON DAGBE,Songon / Km 17,CARREFOUR JACQUEVILLE EN FACE DU MARCHE MUNICIPAL DE SONGON,07 67 51 84 31 / 07 08 63 95 64,"[""07 67 51 84 31"", ""07 08 63 95 64""]"
ph_3f3f01454180,DE SONGON,Songon / Km 17,SONGON-AGBAN / ROUTE DE DABOU,07 59 26 40 33 / 01 01 35 11 16,"[""07 59 26 40 33"", ""01 01 35 11 16""]"
ph_8fbea8b30009,ELIORA,Songon / Km 17,SONGON KASSEMBLE,01 03 79 39,"[""01 03 79 39""]"
ph_eb3790ffab12,NOTRE DAME DE LA PAIX,Songon / Km 17,ADIAPODOUME A COTE DU RESTAURANT CHEZ ZONGO,07 58 17 62 25 / 01 42 24 16 78 / 05 76 57 53 53,"[""07 58 17 62 25"", ""01 42 24 16 78"", ""05 76 57 53 53""]"
ph_a2efc83dc7ac,ST SAUVEUR,Songon / Km 17,CARREFOUR ABADJIN-KOUTE,27 23 26 06 55 / 01 42 10 45 45 / 07 20 30 30 46,"[""27 23 26 06 55"", ""01 42 10 45 45"", ""07 20 30 30 46""]"
ph_637782c953f2,DE L'IMMACULEE,Soubre,MARCHE SOUBRE PRES DE CDCI,27 34 72 21 12,"[""27 34 72 21 12""]"
ph_9d825a6d0ab8,DE LA GARE SARL,Soubre,GARE FACE UTB,27 34 72 28 77 / 05 05 38 18 49,"[""27 34 72 28 77"", ""05 05 38 18 49""]"
ph_e8a50f577899,DE LA MAIRIE DE SOUBRE / M.TAH BI TAH RIGOBERT,Soubre,ENTREE CAMP MANOI CARREFOUR DU LYCEE PRES DE LA MAIRIE,27 34 72 30 75 / 01 01 47 51 79,"[""27 34 72 30 75"", ""01 01 47 51 79""]"
ph_9c13b79073ce,DE LA MOSQUEE,Soubre,FACE GRANDE MOSQUEE QUARTIER DABA DAGNOKO,27 34 70 11 67,"[""27 34 70 11 67""]"
ph_a1e6f216e136,DU CHATEAU SARL,Soubre,ROUTE PETIT MARCHE CHATEAU,27 34 72 59 96,"[""27 34 72 59 96""]"
ph_de4802d2ac3b,DU SUD OUEST SARL,Soubre,RUE DES BANQUES,27 34 72 21 35 / 07 78 16 11 41,"[""27 34 72 21 35"", ""07 78 16 11 41""]"
ph_fe37640d5bd8,PROVIDENCE,Soubre,CAMP MANOIS ABATTOIR,27 34 72 28 54,"[""27 34 72 28 54""]"
ph_f85382ab44ad,STE RITA SARLU,Soubre,ROUTE DU GABON RES MARACANA,27 34 72 58 17,"[""27 34 72 58 17""]"
ph_b03d8bd81d2a,AYA VALENTINE,Tiassale,,27 23 57 50 91,"[""27 23 57 50 91""]"
ph_11c3eb603943,DE TIASSALE,Tiassale,,07 00 13 00 36,"[""07 00 13 00 36""]"
ph_188d0cb98ac3,SAINT JOSEPH (NVLLE),Tiassale,,01 03 22 15 63,"[""01 03 22 15 63""]"
ph_29044dbe84db,STE MARIE,Tiassale,,01 40 16 62 00 / 01 01 83 73 32,"[""01 40 16 62 00"", ""01 01 83 73 32""]"
ph_3aea543b8564,ABOH,Yamoussoukro,,27 30 64 39 76 / 07 58 60 90 39 / 07 78 98 33 22,"[""27 30 64 39 76"", ""07 58 60 90 39"", ""07 78 98 33 22""]"
ph_e83efc26ae83,AZI,Yamoussoukro,NON LOIN DE LA GENDARMERIE,27 30 64 26 86 / 07 09 83 91 42,"[""27 30 64 26 86"", ""07 09 83 91 42""]"
ph_65c9bc87f695,DE LA CAPITALE (GRANDE),Yamoussoukro,"GARE D'ATTIEGOUAKRO, NON LOIN DE LA GARE UTB",27 24 36 11 66 / 07 08 12 39 58,"[""27 24 36 11 66"", ""07 08 12 39 58""]"
ph_0eb87fec540c,DE LA FONDATION,Yamoussoukro,ETAGE DIABY,07 11 33 14 45 / 07 09 88 46 52 / 07 02 83 47 32,"[""07 11 33 14 45"", ""07 09 88 46 52"", ""07 02 83 47 32""]"
ph_59dedea14f58,DE LA MOSQUEE,Yamoussoukro,,07 48 75 00 78 / 27 30 64 05 33,"[""07 48 75 00 78"", ""27 30 64 05 33""]"
ph_5d3bd71ed22e,DE MOROFE (GDE),Yamoussoukro,CARREFOUR BANNY,07 57 49 23 13 / 27 23 57 97 50,"[""07 57 49 23 13"", ""27 23 57 97 50""]"
ph_f1294da98420,DE YAMOUSSOUKRO,Yamoussoukro,FACE GD MARCHE NZUESSI,07 49 37 99 42 / 27 30 64 04 12,"[""07 49 37 99 42"", ""27 30 64 04 12""]"
ph_2aa1f322e08b,DES 220 LGTS,Yamoussoukro,,07 58 46 00 33 / 05 55 96 91 97 / 27 30 64 22 05,"[""07 58 46 00 33"", ""05 55 96 91 97"", ""27 30 64 22 05""]"
ph_dfdda8e967a6,DES BOULEVARDS / M.NIANGORAN SERGE,Yamoussoukro,"QUARTIER MOROFE. ENTRE LE VILLAGE SOS ET LE CAFOP PRES DE ""CHEZ NATHALIE""",07 07 81 49 30,"[""07 07 81 49 30""]"
ph_3159641edc89,DES LACS,Yamoussoukro,GARE ROUTIERE STATION TOTAL,27 30 64 03 11 / 07 49 54 81 58 / 05 44 47 25 11,"[""27 30 64 03 11"", ""07 49 54 81 58"", ""05 44 47 25 11""]"
ph_923aaa1fa30c,DJAHA,Yamoussoukro,"KOKRENOU, ZONE EGLISE CMA",27 31 95 21 67 / 07 02 83 80 65,"[""27 31 95 21 67"", ""07 02 83 80 65""]"
ph_e2319926ba54,EBEN-EZER,Yamoussoukro,,27 30 64 40 04 / 07 09 82 44 00 / 07 49 37 98 00,"[""27 30 64 40 04"", ""07 09 82 44 00"", ""07 49 37 98 00""]"
ph_e8abc911ab4f,ERGINAL,Yamoussoukro,GD CARREFOUR ASSABOU,07 57 14 38 36 / 27 30 64 62 20 / 27 30 64 62 21,"[""07 57 14 38 36"", ""27 30 64 62 20"", ""27 30 64 62 21""]"
ph_b80dee254116,KOKRENOU,Yamoussoukro,,07 02 80 92 92,"[""07 02 80 92 92""]"
ph_5350901b9f69,LE BELIER,Yamoussoukro,GD MARCHE APRES GARE TAXI INP,07 58 60 90 40 / 27 30 64 11 07,"[""07 58 60 90 40"", ""27 30 64 11 07""]"
ph_a5e4f46839a5,LES JASMINS,Yamoussoukro,"AU QUARTIER NANAN APRÈS LES SAPEURS POMPIERS, VOIE DU CORRIDOR SUD ABIDJAN",27 21 76 42 42 / 07 79 90 69 17,"[""27 21 76 42 42"", ""07 79 90 69 17""]"
ph_c9b789fd9bcc,LES MAGNOLIAS,Yamoussoukro,NON LOIN SODECI,07 68 77 60 69 / 07 08 02 14 72,"[""07 68 77 60 69"", ""07 08 02 14 72""]"
ph_d96487255f10,MARIEL,Yamoussoukro,CARREFOUR DE LA FONDATION,01 01 60 55 15 / 07 58 17 61 71,"[""01 01 60 55 15"", ""07 58 17 61 71""]"
ph_58f4146d5db6,MILLIWANGA,Yamoussoukro,QTIER DIOULABOUGOU/ CARREFOUR PONT BEDIE PRES DE GRANDE ECOLE,27 31 62 08 51 / 07 49 86 86 76 / 01 41 86 86 76,"[""27 31 62 08 51"", ""07 49 86 86 76"", ""01 41 86 86 76""]"
ph_a639aa5f8f0b,NOTRE DAME DE FATIMA,Yamoussoukro,,07 57 17 07 00 / 27 30 64 57 10,"[""07 57 17 07 00"", ""27 30 64 57 10""]"
ph_d94756b14001,SANITAS,Yamoussoukro,,07 57 14 38 27 / 27 30 64 08 88,"[""07 57 14 38 27"", ""27 30 64 08 88""]"
ph_3982a1fc5113,SANS FRONTIERES,Yamoussoukro,DIOULAKRO-CARREFOUR GARE SANS FRONTIERES,07 84 88 73 54 / 27 20 24 46 52 / 05 84 88 73 54,"[""07 84 88 73 54"", ""27 20 24 46 52"", ""05 84 88 73 54""]"
ph_2d5a6a917e40,STE FAMILLE,Yamoussoukro,MARCHE SOPIM,01 41 63 92 08 / 25 30 00 06 69,"[""01 41 63 92 08"", ""25 30 00 06 69""]"
